State/UT,Facility Type,Total No. of Facilities #,No. of facilities reporting nil performance *,Performance - Overall Average **,Performance - Maximum,Performance - Minimum,No. of facilities by performance - 1 to 100,No. of facilities by performance - 101 to 500,No. of facilities by performance - 501 to 1000,No. of facilities by performance - >1000
All India Total distt - 708 Districts reporting facility wise - 704,DH,846,320,1943.9,29469,4,34,127,103,262
All India Total distt - 708 Districts reporting facility wise - 704,SDH,1243,625,1901.7,37473,6,18,117,105,378
All India Total distt - 708 Districts reporting facility wise - 704,CHC,5636,3340,1004.9,55200,5,169,758,552,817
All India Total distt - 708 Districts reporting facility wise - 704,PHC,30186,23097,581.8,14136,1,793,3585,1636,1075
All India Total distt - 708 Districts reporting facility wise - 704,SC,159196,157681,72,1308,1,1231,260,17,7
A & N Islands Total distt - 3 Districts reporting facility wise - 3,DH,3,1,545,760,330,0,1,1,0
A & N Islands Total distt - 3 Districts reporting facility wise - 3,CHC,4,1,867,1204,359,0,1,0,2
A & N Islands Total distt - 3 Districts reporting facility wise - 3,PHC,27,14,402.8,1039,165,0,10,2,1
A & N Islands Total distt - 3 Districts reporting facility wise - 3,SC,123,121,21,22,20,2,0,0,0
Andhra Pradesh Total distt - 13 Districts reporting facility wise - 13,DH,14,4,1731.7,3254,437,0,1,3,6
Andhra Pradesh Total distt - 13 Districts reporting facility wise - 13,SDH,28,14,969.3,2121,114,0,3,7,4
Andhra Pradesh Total distt - 13 Districts reporting facility wise - 13,CHC,198,124,747.5,2261,52,2,17,36,19
Andhra Pradesh Total distt - 13 Districts reporting facility wise - 13,PHC,1514,1331,647.1,2243,5,10,51,98,24
Andhra Pradesh Total distt - 13 Districts reporting facility wise - 13,SC,7458,7423,152.6,626,2,17,17,1,0
Arunachal Pradesh Total distt - 20 Districts reporting facility wise - 20,DH,16,1,207.6,612,4,4,10,1,0
Arunachal Pradesh Total distt - 20 Districts reporting facility wise - 20,CHC,63,28,128.9,465,6,21,14,0,0
Arunachal Pradesh Total distt - 20 Districts reporting facility wise - 20,PHC,120,90,62.9,246,5,23,7,0,0
Arunachal Pradesh Total distt - 20 Districts reporting facility wise - 20,SC,339,332,31.1,76,5,7,0,0,0
Assam Total distt - 27 Districts reporting facility wise - 27,DH,27,6,833.2,7717,17,1,13,3,4
Assam Total distt - 27 Districts reporting facility wise - 27,SDH,14,11,208.3,234,178,0,3,0,0
Assam Total distt - 27 Districts reporting facility wise - 27,CHC,184,131,737.7,3288,25,3,23,13,14
Assam Total distt - 27 Districts reporting facility wise - 27,PHC,1007,817,591.8,4011,27,15,86,60,29
Assam Total distt - 27 Districts reporting facility wise - 27,SC,4677,4663,182.1,402,8,4,10,0,0
Bihar Total distt - 38 Districts reporting facility wise - 38,DH,36,27,1572.6,3752,306,0,2,2,5
Bihar Total distt - 38 Districts reporting facility wise - 38,SDH,35,27,1505.8,3985,236,0,3,2,3
Bihar Total distt - 38 Districts reporting facility wise - 38,CHC,64,42,1773.2,6759,325,0,4,6,12
Bihar Total distt - 38 Districts reporting facility wise - 38,PHC,2023,924,754.1,7785,5,40,401,423,235
Bihar Total distt - 38 Districts reporting facility wise - 38,SC,10243,10200,260.1,1308,3,22,12,7,2
Chandigarh Total distt - 1 Districts reporting facility wise - 1,DH,2,0,556.5,619,494,0,1,1,0
Chandigarh Total distt - 1 Districts reporting facility wise - 1,SDH,1,0,1236,1236,1236,0,0,0,1
Chandigarh Total distt - 1 Districts reporting facility wise - 1,CHC,2,0,774,1008,540,0,0,1,1
Chandigarh Total distt - 1 Districts reporting facility wise - 1,PHC,47,33,921.6,1907,255,0,4,4,6
Chhattisgarh Total distt - 27 Districts reporting facility wise - 27,DH,27,12,701.7,1950,213,0,6,7,2
Chhattisgarh Total distt - 27 Districts reporting facility wise - 27,SDH,11,7,363.5,613,84,1,2,1,0
Chhattisgarh Total distt - 27 Districts reporting facility wise - 27,CHC,164,99,358.7,2089,43,5,50,9,1
Chhattisgarh Total distt - 27 Districts reporting facility wise - 27,PHC,819,572,250.7,1350,6,35,195,16,1
Chhattisgarh Total distt - 27 Districts reporting facility wise - 27,SC,5501,5469,69.5,320,1,24,8,0,0
Dadra & Nagar Haveli Total distt - 1 Districts reporting facility wise - 1,SDH,1,0,700,700,700,0,0,1,0
Dadra & Nagar Haveli Total distt - 1 Districts reporting facility wise - 1,CHC,2,0,522,981,63,1,0,1,0
Dadra & Nagar Haveli Total distt - 1 Districts reporting facility wise - 1,PHC,9,2,503.7,1204,11,2,1,2,2
Daman & Diu Total distt - 2 Districts reporting facility wise - 2,DH,2,0,325,498,152,0,2,0,0
Daman & Diu Total distt - 2 Districts reporting facility wise - 2,CHC,2,0,575,683,467,0,1,1,0
Daman & Diu Total distt - 2 Districts reporting facility wise - 2,PHC,4,2,2128,4187,69,1,0,0,1
Daman & Diu Total distt - 2 Districts reporting facility wise - 2,SC,26,25,145,145,145,0,1,0,0
Delhi Total distt - 11 Districts reporting facility wise - 11,DH,38,13,3396,29469,75,1,3,1,20
Delhi Total distt - 11 Districts reporting facility wise - 11,SDH,10,6,2296.3,4891,277,0,1,1,2
Delhi Total distt - 11 Districts reporting facility wise - 11,CHC,24,20,1768,4963,404,0,1,1,2
Delhi Total distt - 11 Districts reporting facility wise - 11,PHC,538,440,1744.1,6275,264,0,7,24,67
Goa Total distt - 2 Districts reporting facility wise - 2,DH,2,0,549,557,541,0,0,2,0
Goa Total distt - 2 Districts reporting facility wise - 2,SDH,2,0,790,806,774,0,0,2,0
Goa Total distt - 2 Districts reporting facility wise - 2,CHC,6,3,332,606,93,1,1,1,0
Goa Total distt - 2 Districts reporting facility wise - 2,PHC,29,8,286.1,905,36,4,13,4,0
Goa Total distt - 2 Districts reporting facility wise - 2,SC,218,201,40,424,2,16,1,0,0
Gujarat Total distt - 33 Districts reporting facility wise - 33,DH,24,16,644.6,1698,99,1,3,3,1
Gujarat Total distt - 33 Districts reporting facility wise - 33,SDH,37,33,2390,6376,208,0,1,1,2
Gujarat Total distt - 33 Districts reporting facility wise - 33,CHC,380,366,745.4,4794,25,4,6,0,4
Gujarat Total distt - 33 Districts reporting facility wise - 33,PHC,1798,1348,356.2,2649,2,84,266,71,29
Gujarat Total distt - 33 Districts reporting facility wise - 33,SC,9260,8882,41.4,278,1,341,37,0,0
Haryana Total distt - 22 Districts reporting facility wise - 22,DH,23,1,2110.8,12352,292,0,2,7,13
Haryana Total distt - 22 Districts reporting facility wise - 22,SDH,22,6,2653.3,30061,72,2,4,3,7
Haryana Total distt - 22 Districts reporting facility wise - 22,CHC,126,39,593.2,4064,18,9,32,33,13
Haryana Total distt - 22 Districts reporting facility wise - 22,PHC,475,391,402.3,1123,15,9,43,31,1
Haryana Total distt - 22 Districts reporting facility wise - 22,SC,2615,2599,125.4,420,1,10,6,0,0
Himachal Pradesh Total distt - 12 Districts reporting facility wise - 12,PHC,580,579,641,641,641,0,0,1,0
Himachal Pradesh Total distt - 12 Districts reporting facility wise - 12,SC,2165,2163,12.5,21,4,2,0,0,0
Jammu & Kashmir Total distt - 22 Districts reporting facility wise - 22,DH,24,3,719,1674,115,0,7,9,5
Jammu & Kashmir Total distt - 22 Districts reporting facility wise - 22,CHC,87,77,1402,8000,25,2,5,1,2
Jammu & Kashmir Total distt - 22 Districts reporting facility wise - 22,PHC,702,453,186.9,1937,5,101,130,14,4
Jammu & Kashmir Total distt - 22 Districts reporting facility wise - 22,SC,2671,2639,60,439,1,26,6,0,0
Jharkhand Total distt - 24 Districts reporting facility wise - 24,DH,23,2,620.7,1978,202,0,10,8,3
Jharkhand Total distt - 24 Districts reporting facility wise - 24,SDH,13,11,522.5,524,521,0,0,2,0
Jharkhand Total distt - 24 Districts reporting facility wise - 24,CHC,176,125,319.4,1819,5,15,27,6,3
Jharkhand Total distt - 24 Districts reporting facility wise - 24,PHC,343,286,262.8,652,4,7,45,5,0
Jharkhand Total distt - 24 Districts reporting facility wise - 24,SC,3846,3832,89.5,306,4,8,6,0,0
Karnataka Total distt - 30 Districts reporting facility wise - 30,DH,26,11,1192.5,2481,243,0,3,5,7
Karnataka Total distt - 30 Districts reporting facility wise - 30,SDH,149,43,1057.9,10590,8,3,40,30,33
Karnataka Total distt - 30 Districts reporting facility wise - 30,CHC,208,132,696.9,2400,7,4,31,24,17
Karnataka Total distt - 30 Districts reporting facility wise - 30,PHC,2536,2139,383.5,2500,2,63,233,79,22
Karnataka Total distt - 30 Districts reporting facility wise - 30,SC,9433,9386,69,413,1,40,7,0,0
Kerala Total distt - 14 Districts reporting facility wise - 14,DH,47,46,2666,2666,2666,0,0,0,1
Kerala Total distt - 14 Districts reporting facility wise - 14,PHC,936,932,1026.3,3896,2,2,1,0,1
Kerala Total distt - 14 Districts reporting facility wise - 14,SC,5833,5817,65.8,197,1,11,5,0,0
Lakshadweep Total distt - 1 Districts reporting facility wise - 1,DH,1,0,2813,2813,2813,0,0,0,1
Lakshadweep Total distt - 1 Districts reporting facility wise - 1,SDH,2,1,1348,1348,1348,0,0,0,1
Lakshadweep Total distt - 1 Districts reporting facility wise - 1,CHC,3,1,742.5,1185,300,0,1,0,1
Lakshadweep Total distt - 1 Districts reporting facility wise - 1,PHC,4,0,346.3,779,1,1,2,1,0
Madhya Pradesh Total distt - 51 Districts reporting facility wise - 51,DH,51,8,1016.4,5370,119,0,12,16,15
Madhya Pradesh Total distt - 51 Districts reporting facility wise - 51,SDH,66,55,729.5,1326,15,1,2,5,3
Madhya Pradesh Total distt - 51 Districts reporting facility wise - 51,CHC,324,237,786.8,6508,36,4,30,36,17
Madhya Pradesh Total distt - 51 Districts reporting facility wise - 51,PHC,1313,1037,452,3989,8,15,171,74,16
Madhya Pradesh Total distt - 51 Districts reporting facility wise - 51,SC,11276,11173,75.6,484,1,79,24,0,0
Maharashtra Total distt - 35 Districts reporting facility wise - 35,DH,48,18,2621.5,6609,71,1,1,3,25
Maharashtra Total distt - 35 Districts reporting facility wise - 35,SDH,100,25,1460.8,4849,139,0,9,18,48
Maharashtra Total distt - 35 Districts reporting facility wise - 35,CHC,432,297,1245.4,4972,60,1,19,35,80
Maharashtra Total distt - 35 Districts reporting facility wise - 35,PHC,2662,2475,423.7,14136,1,72,81,23,11
Maharashtra Total distt - 35 Districts reporting facility wise - 35,SC,10596,10373,74.2,684,1,175,44,4,0
Manipur Total distt - 9 Districts reporting facility wise - 9,DH,7,0,90.4,222,19,5,2,0,0
Manipur Total distt - 9 Districts reporting facility wise - 9,CHC,17,5,78.8,340,10,10,2,0,0
Manipur Total distt - 9 Districts reporting facility wise - 9,PHC,93,45,126.4,856,4,31,16,1,0
Manipur Total distt - 9 Districts reporting facility wise - 9,SC,418,414,27.8,65,5,4,0,0,0
Meghalaya Total distt - 11 Districts reporting facility wise - 11,DH,12,1,210.3,747,20,6,3,2,0
Meghalaya Total distt - 11 Districts reporting facility wise - 11,CHC,28,4,189.2,526,12,9,14,1,0
Meghalaya Total distt - 11 Districts reporting facility wise - 11,PHC,143,86,169.2,486,16,23,34,0,0
Mizoram Total distt - 9 Districts reporting facility wise - 9,DH,9,1,224.4,383,52,2,6,0,0
Mizoram Total distt - 9 Districts reporting facility wise - 9,SDH,3,2,42,42,42,1,0,0,0
Mizoram Total distt - 9 Districts reporting facility wise - 9,CHC,9,4,83,242,24,4,1,0,0
Mizoram Total distt - 9 Districts reporting facility wise - 9,PHC,64,61,63,76,39,3,0,0,0
Mizoram Total distt - 9 Districts reporting facility wise - 9,SC,368,367,30,30,30,1,0,0,0
Nagaland Total distt - 11 Districts reporting facility wise - 11,DH,11,3,70.3,230,6,6,2,0,0
Nagaland Total distt - 11 Districts reporting facility wise - 11,CHC,21,2,58.8,185,20,17,2,0,0
Nagaland Total distt - 11 Districts reporting facility wise - 11,PHC,137,129,40.4,69,25,8,0,0,0
Odisha Total distt - 30 Districts reporting facility wise - 30,DH,32,30,986.5,1505,468,0,1,0,1
Odisha Total distt - 30 Districts reporting facility wise - 30,SDH,33,30,610.7,786,396,0,1,2,0
Odisha Total distt - 30 Districts reporting facility wise - 30,CHC,384,120,485.3,2836,73,5,163,80,16
Odisha Total distt - 30 Districts reporting facility wise - 30,PHC,1375,460,400.8,1764,20,19,663,215,18
Puducherry Total distt - 4 Districts reporting facility wise - 4,DH,4,1,3318.7,5919,1478,0,0,0,3
Puducherry Total distt - 4 Districts reporting facility wise - 4,CHC,4,1,1389.3,1898,829,0,0,1,2
Puducherry Total distt - 4 Districts reporting facility wise - 4,PHC,40,3,1265.4,3585,480,0,2,13,22
Puducherry Total distt - 4 Districts reporting facility wise - 4,SC,80,78,130.5,210,51,1,1,0,0
Punjab Total distt - 22 Districts reporting facility wise - 22,DH,26,3,1362.9,4994,233,0,4,5,14
Punjab Total distt - 22 Districts reporting facility wise - 22,SDH,45,20,676.3,1731,33,3,9,5,8
Punjab Total distt - 22 Districts reporting facility wise - 22,CHC,147,68,799.6,2838,52,4,28,21,26
Punjab Total distt - 22 Districts reporting facility wise - 22,PHC,522,367,402.2,1958,5,13,105,32,5
Punjab Total distt - 22 Districts reporting facility wise - 22,SC,3120,3117,271,727,4,2,0,1,0
Rajasthan Total distt - 33 Districts reporting facility wise - 33,DH,27,2,2157.9,16133,118,0,9,5,11
Rajasthan Total distt - 33 Districts reporting facility wise - 33,SDH,73,56,2562,22108,26,3,8,3,3
Rajasthan Total distt - 33 Districts reporting facility wise - 33,CHC,596,408,495.2,6598,6,16,129,27,16
Rajasthan Total distt - 33 Districts reporting facility wise - 33,PHC,2460,1848,252.4,6913,2,99,463,38,12
Rajasthan Total distt - 33 Districts reporting facility wise - 33,SC,13555,13239,51.3,510,1,287,28,1,0
Sikkim Total distt - 4 Districts reporting facility wise - 4,DH,4,2,64,66,62,2,0,0,0
Sikkim Total distt - 4 Districts reporting facility wise - 4,CHC,2,1,108,108,108,0,1,0,0
Sikkim Total distt - 4 Districts reporting facility wise - 4,PHC,25,21,43.5,51,33,4,0,0,0
Tamil Nadu Total distt - 32 Districts reporting facility wise - 32,DH,32,1,6950.5,12207,2154,0,0,0,31
Tamil Nadu Total distt - 32 Districts reporting facility wise - 32,SDH,280,26,2919.6,37473,316,0,2,3,249
Tamil Nadu Total distt - 32 Districts reporting facility wise - 32,CHC,398,60,2142.8,5052,22,2,2,15,319
Tamil Nadu Total distt - 32 Districts reporting facility wise - 32,PHC,1880,1463,1867.7,5548,1,11,14,27,365
Telangana Total distt - 32 Districts reporting facility wise - 31,DH,6,0,2021.7,3647,615,0,0,1,5
Telangana Total distt - 32 Districts reporting facility wise - 31,SDH,47,31,589.4,1404,131,0,7,8,1
Telangana Total distt - 32 Districts reporting facility wise - 31,CHC,82,58,626.5,2285,115,0,12,7,5
Telangana Total distt - 32 Districts reporting facility wise - 31,PHC,801,607,457.2,2217,7,21,109,54,10
Telangana Total distt - 32 Districts reporting facility wise - 31,SC,4700,4658,91,327,1,21,21,0,0
Tripura Total distt - 8 Districts reporting facility wise - 8,DH,7,3,171.5,426,57,2,2,0,0
Tripura Total distt - 8 Districts reporting facility wise - 8,SDH,12,1,369.5,1154,6,3,6,1,1
Tripura Total distt - 8 Districts reporting facility wise - 8,CHC,22,8,121.1,452,12,10,4,0,0
Tripura Total distt - 8 Districts reporting facility wise - 8,PHC,113,54,155.5,532,6,30,27,2,0
Tripura Total distt - 8 Districts reporting facility wise - 8,SC,1004,968,107.7,579,1,27,6,3,0
Uttar Pradesh Total distt - 75 Districts reporting facility wise - 75,DH,160,66,3009.2,15330,256,0,6,9,79
Uttar Pradesh Total distt - 75 Districts reporting facility wise - 75,CHC,680,246,1374.2,55200,51,7,75,140,212
Uttar Pradesh Total distt - 75 Districts reporting facility wise - 75,PHC,3407,2633,725.9,7646,1,25,305,276,168
Uttar Pradesh Total distt - 75 Districts reporting facility wise - 75,SC,20763,20677,60.5,1287,1,81,2,0,3
Uttarakhand Total distt - 13 Districts reporting facility wise - 13,DH,18,2,744.2,2806,43,1,7,5,3
Uttarakhand Total distt - 13 Districts reporting facility wise - 13,SDH,18,12,1028,3218,162,0,2,2,2
Uttarakhand Total distt - 13 Districts reporting facility wise - 13,CHC,69,28,425.1,1566,38,6,21,10,4
Uttarakhand Total distt - 13 Districts reporting facility wise - 13,PHC,262,169,297,1355,16,16,61,14,2
Uttarakhand Total distt - 13 Districts reporting facility wise - 13,SC,1830,1817,68.2,182,1,10,3,0,0
West Bengal Total distt - 23 Districts reporting facility wise - 23,DH,44,23,945.7,2892,29,2,8,4,7
West Bengal Total distt - 23 Districts reporting facility wise - 23,SDH,70,37,822.5,3577,17,1,14,8,10
West Bengal Total distt - 23 Districts reporting facility wise - 23,CHC,403,280,794.5,4476,11,7,41,46,29
West Bengal Total distt - 23 Districts reporting facility wise - 23,PHC,1378,1278,672.4,2581,17,6,39,32,23
West Bengal Total distt - 23 Districts reporting facility wise - 23,SC,10386,10356,199,1235,2,13,15,0,2
